day,pv,buy,fav,cart,sum
2017-11-25,9353423.0,201145.0,302071.0,563376.0,10420015.0
2017-11-26,9567423.0,205644.0,308954.0,582581.0,10664602.0
2017-11-27,9041187.0,226835.0,291221.0,541904.0,10101147.0
2017-11-28,8842933.0,212000.0,289100.0,534157.0,9878190.0
2017-11-29,9210821.0,223072.0,298587.0,551593.0,10284073.0
2017-11-30,9358998.0,221463.0,302264.0,565015.0,10447740.0
2017-12-01,9718959.0,210016.0,307115.0,623346.0,10859436.0
2017-12-02,12329644.0,257907.0,396749.0,793569.0,13777869.0
2017-12-03,12237300.0,257757.0,392197.0,774905.0,13662159.0
